ID,Title,Author,Price,OriginalPrice,Category,Condition,Stock,Image URL,Description,Featured,PublishedYear,Publisher,Pages
1,"Pride and Prejudice","Jane Austen",537,,"Fiction","Pre-loved - Excellent",11,"https://covers.openlibrary.org/b/id/14348537-L.jpg","A captivating read about pride and prejudice. This edition is brought to you by Vintage Books. Whether you're a long-time fan of Jane Austen or discovering their work for the first time, this book is a must-have for your collection.",No,"1813","Vintage Books",213
2,"Alice's Adventures in Wonderland","Lewis Carroll",402,,"Fiction","Pre-loved - Good",10,"https://covers.openlibrary.org/b/id/10527843-L.jpg","A captivating read about alice's adventures in wonderland. This edition is brought to you by Vintage Books. Whether you're a long-time fan of Lewis Carroll or discovering their work for the first time, this book is a must-have for your collection.",No,"1865","Vintage Books",329
3,"A Christmas Carol","Charles Dickens",253,,"Fiction","New",1,"https://covers.openlibrary.org/b/id/12875748-L.jpg","A captivating read about a christmas carol. This edition is brought to you by Vintage Books. Whether you're a long-time fan of Charles Dickens or discovering their work for the first time, this book is a must-have for your collection.",No,"1843","Vintage Books",300
4,"The Picture of Dorian Gray","Oscar Wilde",303,459,"Fiction","Pre-loved - Excellent",7,"https://covers.openlibrary.org/b/id/14314858-L.jpg","A captivating read about the picture of dorian gray. This edition is brought to you by Vintage Books. Whether you're a long-time fan of Oscar Wilde or discovering their work for the first time, this book is a must-have for your collection.",No,"1890","Vintage Books",144
5,"Wuthering Heights","Emily Brontë",220,,"Fiction","New",3,"https://covers.openlibrary.org/b/id/12818862-L.jpg","A captivating read about wuthering heights. This edition is brought to you by Vintage Books. Whether you're a long-time fan of Emily Brontë or discovering their work for the first time, this book is a must-have for your collection.",No,"1846","Vintage Books",293
6,"Adventures of Huckleberry Finn","Mark Twain",445,,"Fiction","New",1,"https://covers.openlibrary.org/b/id/8157718-L.jpg","A captivating read about adventures of huckleberry finn. This edition is brought to you by Vintage Books. Whether you're a long-time fan of Mark Twain or discovering their work for the first time, this book is a must-have for your collection.",No,"1876","Vintage Books",214
7,"Robinson Crusoe","Daniel Defoe",261,,"Fiction","Pre-loved - Good",13,"https://covers.openlibrary.org/b/id/368541-L.jpg","A captivating read about robinson crusoe. This edition is brought to you by Vintage Books. Whether you're a long-time fan of Daniel Defoe or discovering their work for the first time, this book is a must-have for your collection.",No,"1686","Vintage Books",364
8,"The Scarlet Letter","Nathaniel Hawthorne",412,665,"Fiction","Pre-loved - Excellent",12,"https://covers.openlibrary.org/b/id/5654516-L.jpg","A captivating read about the scarlet letter. This edition is brought to you by Vintage Books. Whether you're a long-time fan of Nathaniel Hawthorne or discovering their work for the first time, this book is a must-have for your collection.",No,"1800","Vintage Books",279
9,"Hamlet","William Shakespeare",418,,"Fiction","Pre-loved - Excellent",7,"https://covers.openlibrary.org/b/id/8281954-L.jpg","A captivating read about hamlet. This edition is brought to you by Vintage Books. Whether you're a long-time fan of William Shakespeare or discovering their work for the first time, this book is a must-have for your collection.",No,"1603","Vintage Books",226
10,"Emma","Jane Austen",285,,"Fiction","Pre-loved - Excellent",3,"https://covers.openlibrary.org/b/id/9278312-L.jpg","A captivating read about emma. This edition is brought to you by Vintage Books. Whether you're a long-time fan of Jane Austen or discovering their work for the first time, this book is a must-have for your collection.",No,"1815","Vintage Books",443
11,"Oliver Twist","Charles Dickens",425,,"Fiction","Pre-loved - Excellent",3,"https://covers.openlibrary.org/b/id/13300802-L.jpg","A captivating read about oliver twist. This edition is brought to you by Vintage Books. Whether you're a long-time fan of Charles Dickens or discovering their work for the first time, this book is a must-have for your collection.",Yes,"1822","Vintage Books",389
12,"Frankenstein; or, The Modern Prometheus","Mary Shelley",220,307,"Fiction","Pre-loved - Good",3,"https://covers.openlibrary.org/b/id/12356249-L.jpg","A captivating read about frankenstein; or, the modern prometheus. This edition is brought to you by Vintage Books. Whether you're a long-time fan of Mary Shelley or discovering their work for the first time, this book is a must-have for your collection.",No,"1818","Vintage Books",308
13,"Sense and Sensibility","Jane Austen",356,,"Fiction","Pre-loved - Good",9,"https://covers.openlibrary.org/b/id/9278292-L.jpg","A captivating read about sense and sensibility. This edition is brought to you by Vintage Books. Whether you're a long-time fan of Jane Austen or discovering their work for the first time, this book is a must-have for your collection.",No,"1811","Vintage Books",271
14,"A Tale of Two Cities","Charles Dickens",493,766,"Fiction","Pre-loved - Excellent",12,"https://covers.openlibrary.org/b/id/13301713-L.jpg","A captivating read about a tale of two cities. This edition is brought to you by Vintage Books. Whether you're a long-time fan of Charles Dickens or discovering their work for the first time, this book is a must-have for your collection.",No,"1800","Vintage Books",197
15,"The Wonderful Wizard of Oz","L. Frank Baum",239,,"Fiction","New",11,"https://covers.openlibrary.org/b/id/552443-L.jpg","A captivating read about the wonderful wizard of oz. This edition is brought to you by Vintage Books. Whether you're a long-time fan of L. Frank Baum or discovering their work for the first time, this book is a must-have for your collection.",No,"1899","Vintage Books",202
16,"Treasure Island","Robert Louis Stevenson",559,941,"Fiction","New",12,"https://covers.openlibrary.org/b/id/13859660-L.jpg","A captivating read about treasure island. This edition is brought to you by Vintage Books. Whether you're a long-time fan of Robert Louis Stevenson or discovering their work for the first time, this book is a must-have for your collection.",No,"1880","Vintage Books",371
17,"Little Women","Louisa May Alcott",576,,"Fiction","Pre-loved - Excellent",5,"https://covers.openlibrary.org/b/id/8775559-L.jpg","A captivating read about little women. This edition is brought to you by Vintage Books. Whether you're a long-time fan of Louisa May Alcott or discovering their work for the first time, this book is a must-have for your collection.",No,"1848","Vintage Books",257
18,"Macbeth","William Shakespeare",487,,"Fiction","New",14,"https://covers.openlibrary.org/b/id/872432-L.jpg","A captivating read about macbeth. This edition is brought to you by Vintage Books. Whether you're a long-time fan of William Shakespeare or discovering their work for the first time, this book is a must-have for your collection.",No,"1508","Vintage Books",411
19,"Gulliver's Travels","Jonathan Swift",467,,"Fiction","Pre-loved - Good",11,"https://covers.openlibrary.org/b/id/12717083-L.jpg","A captivating read about gulliver's travels. This edition is brought to you by Vintage Books. Whether you're a long-time fan of Jonathan Swift or discovering their work for the first time, this book is a must-have for your collection.",No,"1726","Vintage Books",399
20,"The Call of the Wild","Jack London",419,,"Fiction","New",4,"https://covers.openlibrary.org/b/id/12393037-L.jpg","A captivating read about the call of the wild. This edition is brought to you by Vintage Books. Whether you're a long-time fan of Jack London or discovering their work for the first time, this book is a must-have for your collection.",No,"1903","Vintage Books",306
21,"King Lear","William Shakespeare",484,,"Fiction","Pre-loved - Good",15,"https://covers.openlibrary.org/b/id/7420452-L.jpg","A captivating read about king lear. This edition is brought to you by Vintage Books. Whether you're a long-time fan of William Shakespeare or discovering their work for the first time, this book is a must-have for your collection.",No,"1608","Vintage Books",381
22,"Don Quijote de la Mancha","Miguel de Cervantes Saavedra",247,,"Fiction","Pre-loved - Good",11,"https://covers.openlibrary.org/b/id/14428305-L.jpg","A captivating read about don quijote de la mancha. This edition is brought to you by Vintage Books. Whether you're a long-time fan of Miguel de Cervantes Saavedra or discovering their work for the first time, this book is a must-have for your collection.",No,"1600","Vintage Books",224
23,"The Secret Garden","Frances Hodgson Burnett",489,,"Fiction","New",6,"https://covers.openlibrary.org/b/id/12622062-L.jpg","A captivating read about the secret garden. This edition is brought to you by Vintage Books. Whether you're a long-time fan of Frances Hodgson Burnett or discovering their work for the first time, this book is a must-have for your collection.",Yes,"1911","Vintage Books",358
24,"Madame Bovary","Gustave Flaubert",582,,"Fiction","New",2,"https://covers.openlibrary.org/b/id/12993424-L.jpg","A captivating read about madame bovary. This edition is brought to you by Vintage Books. Whether you're a long-time fan of Gustave Flaubert or discovering their work for the first time, this book is a must-have for your collection.",No,"1856","Vintage Books",154
25,"The Art of War","孙武 (Sun Tzu)",330,,"Fiction","Pre-loved - Excellent",1,"https://covers.openlibrary.org/b/id/4849549-L.jpg","A captivating read about the art of war. This edition is brought to you by Vintage Books. Whether you're a long-time fan of 孙武 (Sun Tzu) or discovering their work for the first time, this book is a must-have for your collection.",No,"1900","Vintage Books",382
26,"A Midsummer Night's Dream","William Shakespeare",271,,"Fiction","New",2,"https://covers.openlibrary.org/b/id/7205924-L.jpg","A captivating read about a midsummer night's dream. This edition is brought to you by Vintage Books. Whether you're a long-time fan of William Shakespeare or discovering their work for the first time, this book is a must-have for your collection.",No,"1600","Vintage Books",234
27,"Great Expectations","Charles Dickens",535,905,"Fiction","New",2,"https://covers.openlibrary.org/b/id/13322313-L.jpg","A captivating read about great expectations. This edition is brought to you by Vintage Books. Whether you're a long-time fan of Charles Dickens or discovering their work for the first time, this book is a must-have for your collection.",No,"1861","Vintage Books",426
28,"Julius Caesar","William Shakespeare",249,,"Fiction","Pre-loved - Good",13,"https://covers.openlibrary.org/b/id/7901303-L.jpg","A captivating read about julius caesar. This edition is brought to you by Vintage Books. Whether you're a long-time fan of William Shakespeare or discovering their work for the first time, this book is a must-have for your collection.",No,"1656","Vintage Books",419
29,"A Study in Scarlet","Arthur Conan Doyle",154,186,"Fiction","Pre-loved - Good",3,"https://covers.openlibrary.org/b/id/13405534-L.jpg","A captivating read about a study in scarlet. This edition is brought to you by Vintage Books. Whether you're a long-time fan of Arthur Conan Doyle or discovering their work for the first time, this book is a must-have for your collection.",No,"1887","Vintage Books",132
30,"The Prince","Niccolò Machiavelli",551,,"Fiction","New",9,"https://covers.openlibrary.org/b/id/12726168-L.jpg","A captivating read about the prince. This edition is brought to you by Vintage Books. Whether you're a long-time fan of Niccolò Machiavelli or discovering their work for the first time, this book is a must-have for your collection.",No,"1515","Vintage Books",107
31,"Through the Looking-Glass","Lewis Carroll",474,,"Fiction","New",3,"https://covers.openlibrary.org/b/id/11272464-L.jpg","A captivating read about through the looking-glass. This edition is brought to you by Vintage Books. Whether you're a long-time fan of Lewis Carroll or discovering their work for the first time, this book is a must-have for your collection.",No,"1865","Vintage Books",253
32,"The Wind in the Willows","Kenneth Grahame",418,,"Fiction","Pre-loved - Good",11,"https://covers.openlibrary.org/b/id/13335427-L.jpg","A captivating read about the wind in the willows. This edition is brought to you by Vintage Books. Whether you're a long-time fan of Kenneth Grahame or discovering their work for the first time, this book is a must-have for your collection.",No,"1908","Vintage Books",347
33,"La Divina Commedia","Dante Alighieri",313,,"Fiction","Pre-loved - Excellent",4,"https://covers.openlibrary.org/b/id/11621024-L.jpg","A captivating read about la divina commedia. This edition is brought to you by Vintage Books. Whether you're a long-time fan of Dante Alighieri or discovering their work for the first time, this book is a must-have for your collection.",No,"1472","Vintage Books",456
34,"Анна Каренина","Лев Толстой",278,,"Fiction","Pre-loved - Excellent",12,"https://covers.openlibrary.org/b/id/2560652-L.jpg","A captivating read about анна каренина. This edition is brought to you by Vintage Books. Whether you're a long-time fan of Лев Толстой or discovering their work for the first time, this book is a must-have for your collection.",Yes,"1876","Vintage Books",244
35,"The Hound of the Baskervilles","Arthur Conan Doyle",300,367,"Fiction","Pre-loved - Good",0,"https://covers.openlibrary.org/b/id/8063264-L.jpg","A captivating read about the hound of the baskervilles. This edition is brought to you by Vintage Books. Whether you're a long-time fan of Arthur Conan Doyle or discovering their work for the first time, this book is a must-have for your collection.",No,"1900","Vintage Books",137
36,"Anne of Green Gables","Lucy Maud Montgomery",494,,"Fiction","Pre-loved - Excellent",10,"https://covers.openlibrary.org/b/id/14641084-L.jpg","A captivating read about anne of green gables. This edition is brought to you by Vintage Books. Whether you're a long-time fan of Lucy Maud Montgomery or discovering their work for the first time, this book is a must-have for your collection.",No,"1908","Vintage Books",326
37,"Persuasion","Jane Austen",166,202,"Fiction","New",10,"https://covers.openlibrary.org/b/id/12824691-L.jpg","A captivating read about persuasion. This edition is brought to you by Vintage Books. Whether you're a long-time fan of Jane Austen or discovering their work for the first time, this book is a must-have for your collection.",No,"1789","Vintage Books",142
38,"The Great Gatsby","F. Scott Fitzgerald",391,,"Fiction","New",13,"https://covers.openlibrary.org/b/id/10590366-L.jpg","A captivating read about the great gatsby. This edition is brought to you by Vintage Books. Whether you're a long-time fan of F. Scott Fitzgerald or discovering their work for the first time, this book is a must-have for your collection.",No,"1920","Vintage Books",355
39,"Преступление и наказание","Фёдор Михайлович Достоевский",255,,"Fiction","New",6,"https://covers.openlibrary.org/b/id/9411873-L.jpg","A captivating read about преступление и наказание. This edition is brought to you by Vintage Books. Whether you're a long-time fan of Фёдор Михайлович Достоевский or discovering their work for the first time, this book is a must-have for your collection.",No,"1866","Vintage Books",248
40,"Jane Eyre","Charlotte Brontë",245,,"Fiction","Pre-loved - Excellent",8,"https://covers.openlibrary.org/b/id/8235363-L.jpg","A captivating read about jane eyre. This edition is brought to you by Vintage Books. Whether you're a long-time fan of Charlotte Brontë or discovering their work for the first time, this book is a must-have for your collection.",No,"1847","Vintage Books",271
41,"Pride and Prejudice","Jane Austen",330,558,"History","Pre-loved - Good",14,"https://covers.openlibrary.org/b/id/14348537-L.jpg","A captivating read about pride and prejudice. This edition is brought to you by Vintage Books. Whether you're a long-time fan of Jane Austen or discovering their work for the first time, this book is a must-have for your collection.",No,"1813","Vintage Books",165
42,"Alice's Adventures in Wonderland","Lewis Carroll",160,,"History","New",12,"https://covers.openlibrary.org/b/id/10527843-L.jpg","A captivating read about alice's adventures in wonderland. This edition is brought to you by Vintage Books. Whether you're a long-time fan of Lewis Carroll or discovering their work for the first time, this book is a must-have for your collection.",No,"1865","Vintage Books",371
43,"A Christmas Carol","Charles Dickens",260,,"History","New",6,"https://covers.openlibrary.org/b/id/12875748-L.jpg","A captivating read about a christmas carol. This edition is brought to you by Vintage Books. Whether you're a long-time fan of Charles Dickens or discovering their work for the first time, this book is a must-have for your collection.",No,"1843","Vintage Books",342
44,"The Picture of Dorian Gray","Oscar Wilde",349,,"History","New",11,"https://covers.openlibrary.org/b/id/14314858-L.jpg","A captivating read about the picture of dorian gray. This edition is brought to you by Vintage Books. Whether you're a long-time fan of Oscar Wilde or discovering their work for the first time, this book is a must-have for your collection.",No,"1890","Vintage Books",111
45,"Adventures of Huckleberry Finn","Mark Twain",437,,"History","Pre-loved - Excellent",1,"https://covers.openlibrary.org/b/id/8157718-L.jpg","A captivating read about adventures of huckleberry finn. This edition is brought to you by Vintage Books. Whether you're a long-time fan of Mark Twain or discovering their work for the first time, this book is a must-have for your collection.",No,"1876","Vintage Books",236
46,"Robinson Crusoe","Daniel Defoe",243,,"History","Pre-loved - Excellent",15,"https://covers.openlibrary.org/b/id/368541-L.jpg","A captivating read about robinson crusoe. This edition is brought to you by Vintage Books. Whether you're a long-time fan of Daniel Defoe or discovering their work for the first time, this book is a must-have for your collection.",No,"1686","Vintage Books",166
47,"The Scarlet Letter","Nathaniel Hawthorne",584,,"History","New",11,"https://covers.openlibrary.org/b/id/5654516-L.jpg","A captivating read about the scarlet letter. This edition is brought to you by Vintage Books. Whether you're a long-time fan of Nathaniel Hawthorne or discovering their work for the first time, this book is a must-have for your collection.",No,"1800","Vintage Books",319
48,"Oliver Twist","Charles Dickens",168,263,"History","New",0,"https://covers.openlibrary.org/b/id/13300802-L.jpg","A captivating read about oliver twist. This edition is brought to you by Vintage Books. Whether you're a long-time fan of Charles Dickens or discovering their work for the first time, this book is a must-have for your collection.",No,"1822","Vintage Books",130
49,"Frankenstein; or, The Modern Prometheus","Mary Shelley",235,,"History","Pre-loved - Excellent",5,"https://covers.openlibrary.org/b/id/12356249-L.jpg","A captivating read about frankenstein; or, the modern prometheus. This edition is brought to you by Vintage Books. Whether you're a long-time fan of Mary Shelley or discovering their work for the first time, this book is a must-have for your collection.",No,"1818","Vintage Books",298
50,"Sense and Sensibility","Jane Austen",224,365,"History","New",6,"https://covers.openlibrary.org/b/id/9278292-L.jpg","A captivating read about sense and sensibility. This edition is brought to you by Vintage Books. Whether you're a long-time fan of Jane Austen or discovering their work for the first time, this book is a must-have for your collection.",No,"1811","Vintage Books",288
51,"A Tale of Two Cities","Charles Dickens",296,,"History","Pre-loved - Excellent",5,"https://covers.openlibrary.org/b/id/13301713-L.jpg","A captivating read about a tale of two cities. This edition is brought to you by Vintage Books. Whether you're a long-time fan of Charles Dickens or discovering their work for the first time, this book is a must-have for your collection.",No,"1800","Vintage Books",307
52,"The Wonderful Wizard of Oz","L. Frank Baum",384,,"History","Pre-loved - Excellent",10,"https://covers.openlibrary.org/b/id/552443-L.jpg","A captivating read about the wonderful wizard of oz. This edition is brought to you by Vintage Books. Whether you're a long-time fan of L. Frank Baum or discovering their work for the first time, this book is a must-have for your collection.",No,"1899","Vintage Books",426
53,"Treasure Island","Robert Louis Stevenson",549,849,"History","Pre-loved - Excellent",13,"https://covers.openlibrary.org/b/id/13859660-L.jpg","A captivating read about treasure island. This edition is brought to you by Vintage Books. Whether you're a long-time fan of Robert Louis Stevenson or discovering their work for the first time, this book is a must-have for your collection.",No,"1880","Vintage Books",164
54,"Little Women","Louisa May Alcott",220,,"History","New",3,"https://covers.openlibrary.org/b/id/8775559-L.jpg","A captivating read about little women. This edition is brought to you by Vintage Books. Whether you're a long-time fan of Louisa May Alcott or discovering their work for the first time, this book is a must-have for your collection.",No,"1848","Vintage Books",460
55,"Macbeth","William Shakespeare",251,,"History","Pre-loved - Excellent",4,"https://covers.openlibrary.org/b/id/872432-L.jpg","A captivating read about macbeth. This edition is brought to you by Vintage Books. Whether you're a long-time fan of William Shakespeare or discovering their work for the first time, this book is a must-have for your collection.",No,"1508","Vintage Books",221
56,"The Call of the Wild","Jack London",170,,"History","New",11,"https://covers.openlibrary.org/b/id/12393037-L.jpg","A captivating read about the call of the wild. This edition is brought to you by Vintage Books. Whether you're a long-time fan of Jack London or discovering their work for the first time, this book is a must-have for your collection.",Yes,"1903","Vintage Books",202
57,"Don Quijote de la Mancha","Miguel de Cervantes Saavedra",293,,"History","Pre-loved - Good",0,"https://covers.openlibrary.org/b/id/14428305-L.jpg","A captivating read about don quijote de la mancha. This edition is brought to you by Vintage Books. Whether you're a long-time fan of Miguel de Cervantes Saavedra or discovering their work for the first time, this book is a must-have for your collection.",No,"1600","Vintage Books",165
58,"The Secret Garden","Frances Hodgson Burnett",578,,"History","Pre-loved - Good",6,"https://covers.openlibrary.org/b/id/12622062-L.jpg","A captivating read about the secret garden. This edition is brought to you by Vintage Books. Whether you're a long-time fan of Frances Hodgson Burnett or discovering their work for the first time, this book is a must-have for your collection.",No,"1911","Vintage Books",340
59,"Madame Bovary","Gustave Flaubert",370,,"History","Pre-loved - Excellent",15,"https://covers.openlibrary.org/b/id/12993424-L.jpg","A captivating read about madame bovary. This edition is brought to you by Vintage Books. Whether you're a long-time fan of Gustave Flaubert or discovering their work for the first time, this book is a must-have for your collection.",No,"1856","Vintage Books",456
60,"The Art of War","孙武 (Sun Tzu)",280,384,"History","Pre-loved - Good",5,"https://covers.openlibrary.org/b/id/4849549-L.jpg","A captivating read about the art of war. This edition is brought to you by Vintage Books. Whether you're a long-time fan of 孙武 (Sun Tzu) or discovering their work for the first time, this book is a must-have for your collection.",No,"1900","Vintage Books",152
61,"Great Expectations","Charles Dickens",273,,"History","Pre-loved - Excellent",4,"https://covers.openlibrary.org/b/id/13322313-L.jpg","A captivating read about great expectations. This edition is brought to you by Vintage Books. Whether you're a long-time fan of Charles Dickens or discovering their work for the first time, this book is a must-have for your collection.",Yes,"1861","Vintage Books",420
62,"Julius Caesar","William Shakespeare",229,330,"History","Pre-loved - Good",7,"https://covers.openlibrary.org/b/id/7901303-L.jpg","A captivating read about julius caesar. This edition is brought to you by Vintage Books. Whether you're a long-time fan of William Shakespeare or discovering their work for the first time, this book is a must-have for your collection.",No,"1656","Vintage Books",181
63,"The Prince","Niccolò Machiavelli",359,,"History","New",13,"https://covers.openlibrary.org/b/id/12726168-L.jpg","A captivating read about the prince. This edition is brought to you by Vintage Books. Whether you're a long-time fan of Niccolò Machiavelli or discovering their work for the first time, this book is a must-have for your collection.",No,"1515","Vintage Books",254
64,"La Divina Commedia","Dante Alighieri",340,,"History","Pre-loved - Excellent",12,"https://covers.openlibrary.org/b/id/11621024-L.jpg","A captivating read about la divina commedia. This edition is brought to you by Vintage Books. Whether you're a long-time fan of Dante Alighieri or discovering their work for the first time, this book is a must-have for your collection.",No,"1472","Vintage Books",180
65,"Анна Каренина","Лев Толстой",290,408,"History","Pre-loved - Good",8,"https://covers.openlibrary.org/b/id/2560652-L.jpg","A captivating read about анна каренина. This edition is brought to you by Vintage Books. Whether you're a long-time fan of Лев Толстой or discovering their work for the first time, this book is a must-have for your collection.",No,"1876","Vintage Books",485
66,"The Hound of the Baskervilles","Arthur Conan Doyle",555,,"History","Pre-loved - Excellent",2,"https://covers.openlibrary.org/b/id/8063264-L.jpg","A captivating read about the hound of the baskervilles. This edition is brought to you by Vintage Books. Whether you're a long-time fan of Arthur Conan Doyle or discovering their work for the first time, this book is a must-have for your collection.",No,"1900","Vintage Books",479
67,"Anne of Green Gables","Lucy Maud Montgomery",456,,"History","Pre-loved - Good",6,"https://covers.openlibrary.org/b/id/14641084-L.jpg","A captivating read about anne of green gables. This edition is brought to you by Vintage Books. Whether you're a long-time fan of Lucy Maud Montgomery or discovering their work for the first time, this book is a must-have for your collection.",No,"1908","Vintage Books",300
68,"Преступление и наказание","Фёдор Михайлович Достоевский",194,,"History","New",11,"https://covers.openlibrary.org/b/id/9411873-L.jpg","A captivating read about преступление и наказание. This edition is brought to you by Vintage Books. Whether you're a long-time fan of Фёдор Михайлович Достоевский or discovering their work for the first time, this book is a must-have for your collection.",No,"1866","Vintage Books",398
69,"Jane Eyre","Charlotte Brontë",381,,"History","Pre-loved - Excellent",5,"https://covers.openlibrary.org/b/id/8235363-L.jpg","A captivating read about jane eyre. This edition is brought to you by Vintage Books. Whether you're a long-time fan of Charlotte Brontë or discovering their work for the first time, this book is a must-have for your collection.",No,"1847","Vintage Books",275
70,"Three Men in a Boat (to say nothing of the dog)","Jerome Klapka Jérôme",465,,"History","Pre-loved - Excellent",9,"https://covers.openlibrary.org/b/id/8243006-L.jpg","A captivating read about three men in a boat (to say nothing of the dog). This edition is brought to you by Vintage Books. Whether you're a long-time fan of Jerome Klapka Jérôme or discovering their work for the first time, this book is a must-have for your collection.",No,"1889","Vintage Books",379
71,"The Adventures of Sherlock Holmes [12 stories]","Arthur Conan Doyle",375,,"History","Pre-loved - Good",7,"https://covers.openlibrary.org/b/id/6717853-L.jpg","A captivating read about the adventures of sherlock holmes [12 stories]. This edition is brought to you by Vintage Books. Whether you're a long-time fan of Arthur Conan Doyle or discovering their work for the first time, this book is a must-have for your collection.",No,"1892","Vintage Books",403
72,"The Taming of the Shrew","William Shakespeare",303,466,"History","Pre-loved - Excellent",11,"https://covers.openlibrary.org/b/id/7889534-L.jpg","A captivating read about the taming of the shrew. This edition is brought to you by Vintage Books. Whether you're a long-time fan of William Shakespeare or discovering their work for the first time, this book is a must-have for your collection.",No,"1631","Vintage Books",366
73,"Moby Dick","Herman Melville",157,,"History","Pre-loved - Good",13,"https://covers.openlibrary.org/b/id/10544254-L.jpg","A captivating read about moby dick. This edition is brought to you by Vintage Books. Whether you're a long-time fan of Herman Melville or discovering their work for the first time, this book is a must-have for your collection.",No,"1851","Vintage Books",415
74,"Moll Flanders","Daniel Defoe",404,504,"History","Pre-loved - Excellent",7,"https://covers.openlibrary.org/b/id/12997559-L.jpg","A captivating read about moll flanders. This edition is brought to you by Vintage Books. Whether you're a long-time fan of Daniel Defoe or discovering their work for the first time, this book is a must-have for your collection.",No,"1722","Vintage Books",459
75,"Les Trois Mousquetaires","Alexandre Dumas",446,,"History","Pre-loved - Good",6,"https://covers.openlibrary.org/b/id/11929973-L.jpg","A captivating read about les trois mousquetaires. This edition is brought to you by Vintage Books. Whether you're a long-time fan of Alexandre Dumas or discovering their work for the first time, this book is a must-have for your collection.",No,"1844","Vintage Books",401
76,"Candide","Voltaire",508,,"History","Pre-loved - Good",7,"https://covers.openlibrary.org/b/id/12736044-L.jpg","A captivating read about candide. This edition is brought to you by Vintage Books. Whether you're a long-time fan of Voltaire or discovering their work for the first time, this book is a must-have for your collection.",No,"1746","Vintage Books",208
77,"Narrative of the life of Frederick Douglass","Frederick Douglass",221,,"History","Pre-loved - Good",2,"https://covers.openlibrary.org/b/id/8247724-L.jpg","A captivating read about narrative of the life of frederick douglass. This edition is brought to you by Vintage Books. Whether you're a long-time fan of Frederick Douglass or discovering their work for the first time, this book is a must-have for your collection.",No,"1845","Vintage Books",331
78,"Twelve years a slave","Solomon Northup",169,,"History","Pre-loved - Good",14,"https://covers.openlibrary.org/b/id/14856045-L.jpg","A captivating read about twelve years a slave. This edition is brought to you by Vintage Books. Whether you're a long-time fan of Solomon Northup or discovering their work for the first time, this book is a must-have for your collection.",No,"1853","Vintage Books",111
79,"Hard Times","Charles Dickens",599,,"History","New",1,"https://covers.openlibrary.org/b/id/8236916-L.jpg","A captivating read about hard times. This edition is brought to you by Vintage Books. Whether you're a long-time fan of Charles Dickens or discovering their work for the first time, this book is a must-have for your collection.",No,"1854","Vintage Books",191
80,"The Legend of Sleepy Hollow","Washington Irving",357,546,"History","New",13,"https://covers.openlibrary.org/b/id/8243083-L.jpg","A captivating read about the legend of sleepy hollow. This edition is brought to you by Vintage Books. Whether you're a long-time fan of Washington Irving or discovering their work for the first time, this book is a must-have for your collection.",No,"1820","Vintage Books",496
81,"Romeo and Juliet","William Shakespeare",313,,"Science","Pre-loved - Excellent",0,"https://covers.openlibrary.org/b/id/8257991-L.jpg","A captivating read about romeo and juliet. This edition is brought to you by Vintage Books. Whether you're a long-time fan of William Shakespeare or discovering their work for the first time, this book is a must-have for your collection.",No,"1597","Vintage Books",272
82,"De rerum natura","Titus Lucretius Carus",596,,"Science","Pre-loved - Good",0,"https://covers.openlibrary.org/b/id/566208-L.jpg","A captivating read about de rerum natura. This edition is brought to you by Vintage Books. Whether you're a long-time fan of Titus Lucretius Carus or discovering their work for the first time, this book is a must-have for your collection.",No,"1486","Vintage Books",489
83,"Le Tour du Monde en Quatre-Vingts Jours","Jules Verne",190,,"Science","Pre-loved - Good",15,"https://covers.openlibrary.org/b/id/6976035-L.jpg","A captivating read about le tour du monde en quatre-vingts jours. This edition is brought to you by Vintage Books. Whether you're a long-time fan of Jules Verne or discovering their work for the first time, this book is a must-have for your collection.",No,"1872","Vintage Books",230
84,"Two years before the mast","Richard Henry Dana",195,,"Science","Pre-loved - Excellent",9,"https://covers.openlibrary.org/b/id/8245243-L.jpg","A captivating read about two years before the mast. This edition is brought to you by Vintage Books. Whether you're a long-time fan of Richard Henry Dana or discovering their work for the first time, this book is a must-have for your collection.",No,"1000","Vintage Books",303
85,"Houghton Mifflin Science California","Houghton Mifflin Company Staff",424,,"Science","New",15,"https://covers.openlibrary.org/b/id/12746894-L.jpg","A captivating read about houghton mifflin science california. This edition is brought to you by Vintage Books. Whether you're a long-time fan of Houghton Mifflin Company Staff or discovering their work for the first time, this book is a must-have for your collection.",No,"2006","Vintage Books",463
86,"The Island of Dr. Moreau","H. G. Wells",438,,"Science","Pre-loved - Good",14,"https://covers.openlibrary.org/b/id/968312-L.jpg","A captivating read about the island of dr. moreau. This edition is brought to you by Vintage Books. Whether you're a long-time fan of H. G. Wells or discovering their work for the first time, this book is a must-have for your collection.",No,"1896","Vintage Books",455
87,"Ἱστορίαι","Ἡρόδοτος",201,,"Science","New",0,"https://covers.openlibrary.org/b/id/9829028-L.jpg","A captivating read about ἱστορίαι. This edition is brought to you by Vintage Books. Whether you're a long-time fan of Ἡρόδοτος or discovering their work for the first time, this book is a must-have for your collection.",No,"1494","Vintage Books",472
88,"On the origin of species by means of natural selection","Charles Darwin",385,,"Science","Pre-loved - Excellent",12,"https://covers.openlibrary.org/b/id/7153600-L.jpg","A captivating read about on the origin of species by means of natural selection. This edition is brought to you by Vintage Books. Whether you're a long-time fan of Charles Darwin or discovering their work for the first time, this book is a must-have for your collection.",No,"1859","Vintage Books",309
89,"Houghton Mifflin Science Leveled Readers","Houghton Mifflin Company Staff",405,,"Science","New",12,"https://covers.openlibrary.org/b/id/12917356-L.jpg","A captivating read about houghton mifflin science leveled readers. This edition is brought to you by Vintage Books. Whether you're a long-time fan of Houghton Mifflin Company Staff or discovering their work for the first time, this book is a must-have for your collection.",No,"2005","Vintage Books",244
90,"[William Wheeler Hubbell, authorized to apply for patents.]","United States. Congress. Senate. Committee on Patents",582,841,"Science","Pre-loved - Excellent",8,"https://covers.openlibrary.org/b/id/10200621-L.jpg","A captivating read about [william wheeler hubbell, authorized to apply for patents.]. This edition is brought to you by Vintage Books. Whether you're a long-time fan of United States. Congress. Senate. Committee on Patents or discovering their work for the first time, this book is a must-have for your collection.",No,"1858","Vintage Books",397
91,"Advances in Heterocyclic Chemistry","Alan R. Katritzky",460,,"Science","Pre-loved - Good",1,"https://covers.openlibrary.org/b/id/5030345-L.jpg","A captivating read about advances in heterocyclic chemistry. This edition is brought to you by Vintage Books. Whether you're a long-time fan of Alan R. Katritzky or discovering their work for the first time, this book is a must-have for your collection.",No,"1963","Vintage Books",197
92,"The principall navigations, voiages, and discoveries of the English nations","Richard Hakluyt",372,562,"Science","Pre-loved - Good",7,"https://covers.openlibrary.org/b/id/6052194-L.jpg","A captivating read about the principall navigations, voiages, and discoveries of the english nations. This edition is brought to you by Vintage Books. Whether you're a long-time fan of Richard Hakluyt or discovering their work for the first time, this book is a must-have for your collection.",No,"1589","Vintage Books",437
93,"Principles of Anatomy and Physiology","Gerard J. Tortora",373,,"Science","New",11,"https://covers.openlibrary.org/b/id/3810109-L.jpg","A captivating read about principles of anatomy and physiology. This edition is brought to you by Vintage Books. Whether you're a long-time fan of Gerard J. Tortora or discovering their work for the first time, this book is a must-have for your collection.",No,"1975","Vintage Books",347
94,"Moralia","Plutarch",397,,"Science","Pre-loved - Good",9,"https://covers.openlibrary.org/b/id/5788251-L.jpg","A captivating read about moralia. This edition is brought to you by Vintage Books. Whether you're a long-time fan of Plutarch or discovering their work for the first time, this book is a must-have for your collection.",No,"1500","Vintage Books",311
95,"Essays","Francis Bacon",392,,"Science","Pre-loved - Good",15,"https://covers.openlibrary.org/b/id/8236351-L.jpg","A captivating read about essays. This edition is brought to you by Vintage Books. Whether you're a long-time fan of Francis Bacon or discovering their work for the first time, this book is a must-have for your collection.",No,"1618","Vintage Books",319
96,"Histoire naturelle","Georges-Louis Leclerc, comte de Buffon",323,,"Science","Pre-loved - Excellent",10,"https://covers.openlibrary.org/b/id/6130908-L.jpg","A captivating read about histoire naturelle. This edition is brought to you by Vintage Books. Whether you're a long-time fan of Georges-Louis Leclerc, comte de Buffon or discovering their work for the first time, this book is a must-have for your collection.",No,"1749","Vintage Books",289
97,"Discours de la méthode","René Descartes",216,,"Science","New",3,"https://covers.openlibrary.org/b/id/8236442-L.jpg","A captivating read about discours de la méthode. This edition is brought to you by Vintage Books. Whether you're a long-time fan of René Descartes or discovering their work for the first time, this book is a must-have for your collection.",No,"1644","Vintage Books",110
98,"Mutual Aid","Peter Kropotkin",253,,"Science","New",9,"https://covers.openlibrary.org/b/id/10128573-L.jpg","A captivating read about mutual aid. This edition is brought to you by Vintage Books. Whether you're a long-time fan of Peter Kropotkin or discovering their work for the first time, this book is a must-have for your collection.",No,"1891","Vintage Books",186
99,"The book of the damned","Charles Fort",155,,"Science","Pre-loved - Good",9,"https://covers.openlibrary.org/b/id/825884-L.jpg","A captivating read about the book of the damned. This edition is brought to you by Vintage Books. Whether you're a long-time fan of Charles Fort or discovering their work for the first time, this book is a must-have for your collection.",No,"1919","Vintage Books",258
100,"Northern Lights","Philip Pullman",575,,"Science","Pre-loved - Excellent",14,"https://covers.openlibrary.org/b/id/8747028-L.jpg","A captivating read about northern lights. This edition is brought to you by Vintage Books. Whether you're a long-time fan of Philip Pullman or discovering their work for the first time, this book is a must-have for your collection.",No,"1995","Vintage Books",117
101,"1st Report [Session 1993-94]","Rand McNally",467,672,"Science","New",13,"https://covers.openlibrary.org/b/id/11962006-L.jpg","A captivating read about 1st report [session 1993-94]. This edition is brought to you by Vintage Books. Whether you're a long-time fan of Rand McNally or discovering their work for the first time, this book is a must-have for your collection.",No,"1983","Vintage Books",263
102,"L'Évolution créatrice","Henri Bergson",153,,"Science","Pre-loved - Excellent",4,"https://covers.openlibrary.org/b/id/6774245-L.jpg","A captivating read about l'évolution créatrice. This edition is brought to you by Vintage Books. Whether you're a long-time fan of Henri Bergson or discovering their work for the first time, this book is a must-have for your collection.",No,"1907","Vintage Books",354
103,"A Brief History of Time","Stephen Hawking",347,,"Science","Pre-loved - Excellent",11,"https://covers.openlibrary.org/b/id/10432365-L.jpg","A captivating read about a brief history of time. This edition is brought to you by Vintage Books. Whether you're a long-time fan of Stephen Hawking or discovering their work for the first time, this book is a must-have for your collection.",No,"1988","Vintage Books",324
104,"International review of cytology","George Bourne",255,419,"Science","Pre-loved - Excellent",2,"https://covers.openlibrary.org/b/id/5031814-L.jpg","A captivating read about international review of cytology. This edition is brought to you by Vintage Books. Whether you're a long-time fan of George Bourne or discovering their work for the first time, this book is a must-have for your collection.",Yes,"1986","Vintage Books",295
105,"A System of Logic, Ratiocinative and Inductive","John Stuart Mill",337,,"Science","New",4,"https://covers.openlibrary.org/b/id/5745051-L.jpg","A captivating read about a system of logic, ratiocinative and inductive. This edition is brought to you by Vintage Books. Whether you're a long-time fan of John Stuart Mill or discovering their work for the first time, this book is a must-have for your collection.",No,"1843","Vintage Books",215
106,"Goethe's Werke","Johann Wolfgang von Goethe",547,,"Science","Pre-loved - Good",3,"https://covers.openlibrary.org/b/id/5760460-L.jpg","A captivating read about goethe's werke. This edition is brought to you by Vintage Books. Whether you're a long-time fan of Johann Wolfgang von Goethe or discovering their work for the first time, this book is a must-have for your collection.",Yes,"1800","Vintage Books",238
107,"The ABC of atoms","Bertrand Russell",186,,"Science","New",5,"https://covers.openlibrary.org/b/id/9321152-L.jpg","A captivating read about the abc of atoms. This edition is brought to you by Vintage Books. Whether you're a long-time fan of Bertrand Russell or discovering their work for the first time, this book is a must-have for your collection.",No,"1923","Vintage Books",312
108,"Über die spezielle und die allgemeine Relativitätstheorie","Albert Einstein",360,,"Science","Pre-loved - Excellent",14,"https://covers.openlibrary.org/b/id/10478466-L.jpg","A captivating read about über die spezielle und die allgemeine relativitätstheorie. This edition is brought to you by Vintage Books. Whether you're a long-time fan of Albert Einstein or discovering their work for the first time, this book is a must-have for your collection.",No,"1917","Vintage Books",176
109,"NASA/DoD aerospace knowledge diffusion research project","Thomas E. Pinelli",571,,"Science","Pre-loved - Good",9,"https://covers.openlibrary.org/b/id/8936636-L.jpg","A captivating read about nasa/dod aerospace knowledge diffusion research project. This edition is brought to you by Vintage Books. Whether you're a long-time fan of Thomas E. Pinelli or discovering their work for the first time, this book is a must-have for your collection.",No,"1990","Vintage Books",216
110,"International Review of Cell and Molecular Biology","Kwang W. Jeon",487,691,"Science","Pre-loved - Good",8,"https://covers.openlibrary.org/b/id/11653976-L.jpg","A captivating read about international review of cell and molecular biology. This edition is brought to you by Vintage Books. Whether you're a long-time fan of Kwang W. Jeon or discovering their work for the first time, this book is a must-have for your collection.",No,"2008","Vintage Books",459
111,"4th Report [Session 1993-94]","Rand McNally",276,,"Science","New",0,"https://covers.openlibrary.org/b/id/11849209-L.jpg","A captivating read about 4th report [session 1993-94]. This edition is brought to you by Vintage Books. Whether you're a long-time fan of Rand McNally or discovering their work for the first time, this book is a must-have for your collection.",No,"1990","Vintage Books",452
112,"Introduction to genetic analysis","Anthony J. F. Griffiths",555,,"Science","New",6,"https://covers.openlibrary.org/b/id/8665020-L.jpg","A captivating read about introduction to genetic analysis. This edition is brought to you by Vintage Books. Whether you're a long-time fan of Anthony J. F. Griffiths or discovering their work for the first time, this book is a must-have for your collection.",No,"1993","Vintage Books",489
113,"Leonardo","Leonardo da Vinci",284,,"Science","Pre-loved - Good",9,"https://covers.openlibrary.org/b/id/919361-L.jpg","A captivating read about leonardo. This edition is brought to you by Vintage Books. Whether you're a long-time fan of Leonardo da Vinci or discovering their work for the first time, this book is a must-have for your collection.",No,"1946","Vintage Books",428
114,"Physics","Aristotle",478,,"Science","New",13,"https://covers.openlibrary.org/b/id/7145464-L.jpg","A captivating read about physics. This edition is brought to you by Vintage Books. Whether you're a long-time fan of Aristotle or discovering their work for the first time, this book is a must-have for your collection.",No,"1472","Vintage Books",208
115,"Sapiens","Yuval Noah Harari",265,,"Science","Pre-loved - Good",3,"https://covers.openlibrary.org/b/id/8634250-L.jpg","A captivating read about sapiens. This edition is brought to you by Vintage Books. Whether you're a long-time fan of Yuval Noah Harari or discovering their work for the first time, this book is a must-have for your collection.",No,"2011","Vintage Books",393
116,"Annual reports on NMR spectroscopy","Graham A. Webb",288,,"Science","New",7,"https://covers.openlibrary.org/b/id/9837465-L.jpg","A captivating read about annual reports on nmr spectroscopy. This edition is brought to you by Vintage Books. Whether you're a long-time fan of Graham A. Webb or discovering their work for the first time, this book is a must-have for your collection.",No,"1979","Vintage Books",163
117,"Nova Atlantis","Francis Bacon",172,,"Science","Pre-loved - Good",3,"https://covers.openlibrary.org/b/id/313890-L.jpg","A captivating read about nova atlantis. This edition is brought to you by Vintage Books. Whether you're a long-time fan of Francis Bacon or discovering their work for the first time, this book is a must-have for your collection.",No,"1627","Vintage Books",221
118,"Microbiology","Gerard J. Tortora",262,,"Science","Pre-loved - Good",11,"https://covers.openlibrary.org/b/id/10146469-L.jpg","A captivating read about microbiology. This edition is brought to you by Vintage Books. Whether you're a long-time fan of Gerard J. Tortora or discovering their work for the first time, this book is a must-have for your collection.",No,"1982","Vintage Books",498
119,"Accounting Principles","Jerry J. Weygandt",485,683,"Science","Pre-loved - Good",14,"https://covers.openlibrary.org/b/id/1241487-L.jpg","A captivating read about accounting principles. This edition is brought to you by Vintage Books. Whether you're a long-time fan of Jerry J. Weygandt or discovering their work for the first time, this book is a must-have for your collection.",No,"1987","Vintage Books",413
120,"Alice's Adventures in Wonderland","Lewis Carroll",248,,"Children","Pre-loved - Good",5,"https://covers.openlibrary.org/b/id/10527843-L.jpg","A captivating read about alice's adventures in wonderland. This edition is brought to you by Vintage Books. Whether you're a long-time fan of Lewis Carroll or discovering their work for the first time, this book is a must-have for your collection.",No,"1865","Vintage Books",286
121,"A Christmas Carol","Charles Dickens",226,,"Children","Pre-loved - Excellent",9,"https://covers.openlibrary.org/b/id/12875748-L.jpg","A captivating read about a christmas carol. This edition is brought to you by Vintage Books. Whether you're a long-time fan of Charles Dickens or discovering their work for the first time, this book is a must-have for your collection.",No,"1843","Vintage Books",408
122,"Wuthering Heights","Emily Brontë",330,,"Children","Pre-loved - Excellent",10,"https://covers.openlibrary.org/b/id/12818862-L.jpg","A captivating read about wuthering heights. This edition is brought to you by Vintage Books. Whether you're a long-time fan of Emily Brontë or discovering their work for the first time, this book is a must-have for your collection.",No,"1846","Vintage Books",104
123,"Adventures of Huckleberry Finn","Mark Twain",186,310,"Children","Pre-loved - Good",11,"https://covers.openlibrary.org/b/id/8157718-L.jpg","A captivating read about adventures of huckleberry finn. This edition is brought to you by Vintage Books. Whether you're a long-time fan of Mark Twain or discovering their work for the first time, this book is a must-have for your collection.",No,"1876","Vintage Books",429
124,"Robinson Crusoe","Daniel Defoe",458,,"Children","Pre-loved - Good",1,"https://covers.openlibrary.org/b/id/368541-L.jpg","A captivating read about robinson crusoe. This edition is brought to you by Vintage Books. Whether you're a long-time fan of Daniel Defoe or discovering their work for the first time, this book is a must-have for your collection.",Yes,"1686","Vintage Books",405
125,"The Scarlet Letter","Nathaniel Hawthorne",489,,"Children","New",2,"https://covers.openlibrary.org/b/id/5654516-L.jpg","A captivating read about the scarlet letter. This edition is brought to you by Vintage Books. Whether you're a long-time fan of Nathaniel Hawthorne or discovering their work for the first time, this book is a must-have for your collection.",No,"1800","Vintage Books",372
126,"Hamlet","William Shakespeare",268,,"Children","Pre-loved - Good",6,"https://covers.openlibrary.org/b/id/8281954-L.jpg","A captivating read about hamlet. This edition is brought to you by Vintage Books. Whether you're a long-time fan of William Shakespeare or discovering their work for the first time, this book is a must-have for your collection.",No,"1603","Vintage Books",338
127,"Emma","Jane Austen",468,,"Children","Pre-loved - Excellent",11,"https://covers.openlibrary.org/b/id/9278312-L.jpg","A captivating read about emma. This edition is brought to you by Vintage Books. Whether you're a long-time fan of Jane Austen or discovering their work for the first time, this book is a must-have for your collection.",No,"1815","Vintage Books",382
128,"Oliver Twist","Charles Dickens",582,,"Children","Pre-loved - Good",13,"https://covers.openlibrary.org/b/id/13300802-L.jpg","A captivating read about oliver twist. This edition is brought to you by Vintage Books. Whether you're a long-time fan of Charles Dickens or discovering their work for the first time, this book is a must-have for your collection.",No,"1822","Vintage Books",255
129,"Frankenstein; or, The Modern Prometheus","Mary Shelley",246,385,"Children","Pre-loved - Excellent",5,"https://covers.openlibrary.org/b/id/12356249-L.jpg","A captivating read about frankenstein; or, the modern prometheus. This edition is brought to you by Vintage Books. Whether you're a long-time fan of Mary Shelley or discovering their work for the first time, this book is a must-have for your collection.",No,"1818","Vintage Books",253
130,"A Tale of Two Cities","Charles Dickens",367,,"Children","Pre-loved - Excellent",11,"https://covers.openlibrary.org/b/id/13301713-L.jpg","A captivating read about a tale of two cities. This edition is brought to you by Vintage Books. Whether you're a long-time fan of Charles Dickens or discovering their work for the first time, this book is a must-have for your collection.",No,"1800","Vintage Books",499
131,"The Wonderful Wizard of Oz","L. Frank Baum",527,,"Children","Pre-loved - Good",8,"https://covers.openlibrary.org/b/id/552443-L.jpg","A captivating read about the wonderful wizard of oz. This edition is brought to you by Vintage Books. Whether you're a long-time fan of L. Frank Baum or discovering their work for the first time, this book is a must-have for your collection.",No,"1899","Vintage Books",476
132,"Treasure Island","Robert Louis Stevenson",555,,"Children","New",11,"https://covers.openlibrary.org/b/id/13859660-L.jpg","A captivating read about treasure island. This edition is brought to you by Vintage Books. Whether you're a long-time fan of Robert Louis Stevenson or discovering their work for the first time, this book is a must-have for your collection.",No,"1880","Vintage Books",251
133,"Little Women","Louisa May Alcott",514,,"Children","Pre-loved - Excellent",0,"https://covers.openlibrary.org/b/id/8775559-L.jpg","A captivating read about little women. This edition is brought to you by Vintage Books. Whether you're a long-time fan of Louisa May Alcott or discovering their work for the first time, this book is a must-have for your collection.",Yes,"1848","Vintage Books",152
134,"Macbeth","William Shakespeare",500,,"Children","New",15,"https://covers.openlibrary.org/b/id/872432-L.jpg","A captivating read about macbeth. This edition is brought to you by Vintage Books. Whether you're a long-time fan of William Shakespeare or discovering their work for the first time, this book is a must-have for your collection.",Yes,"1508","Vintage Books",309
135,"Gulliver's Travels","Jonathan Swift",467,,"Children","Pre-loved - Good",11,"https://covers.openlibrary.org/b/id/12717083-L.jpg","A captivating read about gulliver's travels. This edition is brought to you by Vintage Books. Whether you're a long-time fan of Jonathan Swift or discovering their work for the first time, this book is a must-have for your collection.",No,"1726","Vintage Books",212
136,"The Call of the Wild","Jack London",389,,"Children","New",12,"https://covers.openlibrary.org/b/id/12393037-L.jpg","A captivating read about the call of the wild. This edition is brought to you by Vintage Books. Whether you're a long-time fan of Jack London or discovering their work for the first time, this book is a must-have for your collection.",No,"1903","Vintage Books",343
137,"King Lear","William Shakespeare",228,,"Children","Pre-loved - Good",6,"https://covers.openlibrary.org/b/id/7420452-L.jpg","A captivating read about king lear. This edition is brought to you by Vintage Books. Whether you're a long-time fan of William Shakespeare or discovering their work for the first time, this book is a must-have for your collection.",No,"1608","Vintage Books",318
138,"The Secret Garden","Frances Hodgson Burnett",580,,"Children","Pre-loved - Good",9,"https://covers.openlibrary.org/b/id/12622062-L.jpg","A captivating read about the secret garden. This edition is brought to you by Vintage Books. Whether you're a long-time fan of Frances Hodgson Burnett or discovering their work for the first time, this book is a must-have for your collection.",No,"1911","Vintage Books",294
139,"A Midsummer Night's Dream","William Shakespeare",175,,"Children","Pre-loved - Excellent",0,"https://covers.openlibrary.org/b/id/7205924-L.jpg","A captivating read about a midsummer night's dream. This edition is brought to you by Vintage Books. Whether you're a long-time fan of William Shakespeare or discovering their work for the first time, this book is a must-have for your collection.",No,"1600","Vintage Books",224
140,"Julius Caesar","William Shakespeare",255,,"Children","Pre-loved - Excellent",12,"https://covers.openlibrary.org/b/id/7901303-L.jpg","A captivating read about julius caesar. This edition is brought to you by Vintage Books. Whether you're a long-time fan of William Shakespeare or discovering their work for the first time, this book is a must-have for your collection.",No,"1656","Vintage Books",411
141,"Through the Looking-Glass","Lewis Carroll",551,835,"Children","New",12,"https://covers.openlibrary.org/b/id/11272464-L.jpg","A captivating read about through the looking-glass. This edition is brought to you by Vintage Books. Whether you're a long-time fan of Lewis Carroll or discovering their work for the first time, this book is a must-have for your collection.",No,"1865","Vintage Books",188
142,"The Wind in the Willows","Kenneth Grahame",442,730,"Children","New",7,"https://covers.openlibrary.org/b/id/13335427-L.jpg","A captivating read about the wind in the willows. This edition is brought to you by Vintage Books. Whether you're a long-time fan of Kenneth Grahame or discovering their work for the first time, this book is a must-have for your collection.",No,"1908","Vintage Books",161
143,"The Hound of the Baskervilles","Arthur Conan Doyle",370,,"Children","New",2,"https://covers.openlibrary.org/b/id/8063264-L.jpg","A captivating read about the hound of the baskervilles. This edition is brought to you by Vintage Books. Whether you're a long-time fan of Arthur Conan Doyle or discovering their work for the first time, this book is a must-have for your collection.",No,"1900","Vintage Books",420
144,"Anne of Green Gables","Lucy Maud Montgomery",228,,"Children","Pre-loved - Good",10,"https://covers.openlibrary.org/b/id/14641084-L.jpg","A captivating read about anne of green gables. This edition is brought to you by Vintage Books. Whether you're a long-time fan of Lucy Maud Montgomery or discovering their work for the first time, this book is a must-have for your collection.",No,"1908","Vintage Books",256
145,"Jane Eyre","Charlotte Brontë",450,701,"Children","Pre-loved - Excellent",7,"https://covers.openlibrary.org/b/id/8235363-L.jpg","A captivating read about jane eyre. This edition is brought to you by Vintage Books. Whether you're a long-time fan of Charlotte Brontë or discovering their work for the first time, this book is a must-have for your collection.",No,"1847","Vintage Books",489
146,"The Time Machine","H. G. Wells",366,,"Children","Pre-loved - Excellent",2,"https://covers.openlibrary.org/b/id/9009316-L.jpg","A captivating read about the time machine. This edition is brought to you by Vintage Books. Whether you're a long-time fan of H. G. Wells or discovering their work for the first time, this book is a must-have for your collection.",Yes,"1895","Vintage Books",381
147,"The Adventures of Sherlock Holmes [12 stories]","Arthur Conan Doyle",259,,"Children","Pre-loved - Good",5,"https://covers.openlibrary.org/b/id/6717853-L.jpg","A captivating read about the adventures of sherlock holmes [12 stories]. This edition is brought to you by Vintage Books. Whether you're a long-time fan of Arthur Conan Doyle or discovering their work for the first time, this book is a must-have for your collection.",No,"1892","Vintage Books",285
148,"King Solomon's Mines","H. Rider Haggard",582,,"Children","New",10,"https://covers.openlibrary.org/b/id/8665393-L.jpg","A captivating read about king solomon's mines. This edition is brought to you by Vintage Books. Whether you're a long-time fan of H. Rider Haggard or discovering their work for the first time, this book is a must-have for your collection.",No,"1880","Vintage Books",222
149,"The Legend of Sleepy Hollow","Washington Irving",235,,"Children","Pre-loved - Excellent",6,"https://covers.openlibrary.org/b/id/8243083-L.jpg","A captivating read about the legend of sleepy hollow. This edition is brought to you by Vintage Books. Whether you're a long-time fan of Washington Irving or discovering their work for the first time, this book is a must-have for your collection.",No,"1820","Vintage Books",298
150,"Captains Courageous","Rudyard Kipling",222,,"Children","New",8,"https://covers.openlibrary.org/b/id/12819857-L.jpg","A captivating read about captains courageous. This edition is brought to you by Vintage Books. Whether you're a long-time fan of Rudyard Kipling or discovering their work for the first time, this book is a must-have for your collection.",No,"1896","Vintage Books",119
151,"The Railway Children","Edith Nesbit",597,,"Children","Pre-loved - Excellent",8,"https://covers.openlibrary.org/b/id/13241123-L.jpg","A captivating read about the railway children. This edition is brought to you by Vintage Books. Whether you're a long-time fan of Edith Nesbit or discovering their work for the first time, this book is a must-have for your collection.",No,"1900","Vintage Books",296
152,"The Sign of Four","Arthur Conan Doyle",567,,"Children","Pre-loved - Good",15,"https://covers.openlibrary.org/b/id/9247987-L.jpg","A captivating read about the sign of four. This edition is brought to you by Vintage Books. Whether you're a long-time fan of Arthur Conan Doyle or discovering their work for the first time, this book is a must-have for your collection.",No,"1889","Vintage Books",177
153,"Five Children and It","Edith Nesbit",237,,"Children","Pre-loved - Good",1,"https://covers.openlibrary.org/b/id/28174-L.jpg","A captivating read about five children and it. This edition is brought to you by Vintage Books. Whether you're a long-time fan of Edith Nesbit or discovering their work for the first time, this book is a must-have for your collection.",No,"1905","Vintage Books",114
154,"Kim","Rudyard Kipling",374,,"Children","Pre-loved - Excellent",6,"https://covers.openlibrary.org/b/id/1053011-L.jpg","A captivating read about kim. This edition is brought to you by Vintage Books. Whether you're a long-time fan of Rudyard Kipling or discovering their work for the first time, this book is a must-have for your collection.",No,"1901","Vintage Books",189
155,"The Adventures of Tom Sawyer","Mark Twain",528,,"Children","Pre-loved - Good",0,"https://covers.openlibrary.org/b/id/12043351-L.jpg","A captivating read about the adventures of tom sawyer. This edition is brought to you by Vintage Books. Whether you're a long-time fan of Mark Twain or discovering their work for the first time, this book is a must-have for your collection.",No,"1817","Vintage Books",404
156,"David Copperfield","Charles Dickens",580,,"Children","Pre-loved - Excellent",14,"https://covers.openlibrary.org/b/id/1048892-L.jpg","A captivating read about david copperfield. This edition is brought to you by Vintage Books. Whether you're a long-time fan of Charles Dickens or discovering their work for the first time, this book is a must-have for your collection.",No,"1800","Vintage Books",406
157,"Anne's House of Dreams","Lucy Maud Montgomery",203,,"Children","New",11,"https://covers.openlibrary.org/b/id/14640440-L.jpg","A captivating read about anne's house of dreams. This edition is brought to you by Vintage Books. Whether you're a long-time fan of Lucy Maud Montgomery or discovering their work for the first time, this book is a must-have for your collection.",No,"1917","Vintage Books",443
158,"Anne of Avonlea","Lucy Maud Montgomery",153,,"Children","Pre-loved - Excellent",10,"https://covers.openlibrary.org/b/id/14638062-L.jpg","A captivating read about anne of avonlea. This edition is brought to you by Vintage Books. Whether you're a long-time fan of Lucy Maud Montgomery or discovering their work for the first time, this book is a must-have for your collection.",No,"1909","Vintage Books",188
159,"The Tempest","William Shakespeare",210,,"Children","Pre-loved - Good",2,"https://covers.openlibrary.org/b/id/8155661-L.jpg","A captivating read about the tempest. This edition is brought to you by Vintage Books. Whether you're a long-time fan of William Shakespeare or discovering their work for the first time, this book is a must-have for your collection.",Yes,"1611","Vintage Books",449
160,"Meditations","Marcus Aurelius",242,395,"Self-Help","Pre-loved - Good",10,"https://covers.openlibrary.org/b/id/211529-L.jpg","A captivating read about meditations. This edition is brought to you by Vintage Books. Whether you're a long-time fan of Marcus Aurelius or discovering their work for the first time, this book is a must-have for your collection.",No,"1626","Vintage Books",329
161,"The Power of Your Subconscious Mind","Joseph Murphy",362,,"Self-Help","Pre-loved - Good",8,"https://covers.openlibrary.org/b/id/6553019-L.jpg","A captivating read about the power of your subconscious mind. This edition is brought to you by Vintage Books. Whether you're a long-time fan of Joseph Murphy or discovering their work for the first time, this book is a must-have for your collection.",No,"1963","Vintage Books",183
162,"The Power of Positive Thinking","Norman Vincent Peale",517,,"Self-Help","Pre-loved - Good",6,"https://covers.openlibrary.org/b/id/14570194-L.jpg","A captivating read about the power of positive thinking. This edition is brought to you by Vintage Books. Whether you're a long-time fan of Norman Vincent Peale or discovering their work for the first time, this book is a must-have for your collection.",No,"1952","Vintage Books",256
163,"Inquiry into Life","Sylvia S. Mader",188,,"Self-Help","New",3,"https://covers.openlibrary.org/b/id/10043864-L.jpg","A captivating read about inquiry into life. This edition is brought to you by Vintage Books. Whether you're a long-time fan of Sylvia S. Mader or discovering their work for the first time, this book is a must-have for your collection.",No,"1976","Vintage Books",496
164,"The magic of believing","Claude M. Bristol",170,244,"Self-Help","Pre-loved - Good",2,"https://covers.openlibrary.org/b/id/14424610-L.jpg","A captivating read about the magic of believing. This edition is brought to you by Vintage Books. Whether you're a long-time fan of Claude M. Bristol or discovering their work for the first time, this book is a must-have for your collection.",No,"1948","Vintage Books",422
165,"The 48 Laws of Power","Robert Greene",448,,"Self-Help","Pre-loved - Good",5,"https://covers.openlibrary.org/b/id/6424160-L.jpg","A captivating read about the 48 laws of power. This edition is brought to you by Vintage Books. Whether you're a long-time fan of Robert Greene or discovering their work for the first time, this book is a must-have for your collection.",No,"1998","Vintage Books",399
166,"A child called ""it""","David J. Pelzer",361,509,"Self-Help","Pre-loved - Excellent",15,"https://covers.openlibrary.org/b/id/14559604-L.jpg","A captivating read about a child called ""it"". This edition is brought to you by Vintage Books. Whether you're a long-time fan of David J. Pelzer or discovering their work for the first time, this book is a must-have for your collection.",No,"1987","Vintage Books",229
167,"Blink","Malcolm Gladwell",454,,"Self-Help","New",3,"https://covers.openlibrary.org/b/id/14421850-L.jpg","A captivating read about blink. This edition is brought to you by Vintage Books. Whether you're a long-time fan of Malcolm Gladwell or discovering their work for the first time, this book is a must-have for your collection.",No,"2004","Vintage Books",146
168,"Musicophilia","Oliver Sacks",436,,"Self-Help","Pre-loved - Excellent",2,"https://covers.openlibrary.org/b/id/9261340-L.jpg","A captivating read about musicophilia. This edition is brought to you by Vintage Books. Whether you're a long-time fan of Oliver Sacks or discovering their work for the first time, this book is a must-have for your collection.",No,"2007","Vintage Books",212
169,"Big Magic","Elizabeth Gilbert",202,263,"Self-Help","Pre-loved - Excellent",2,"https://covers.openlibrary.org/b/id/7434843-L.jpg","A captivating read about big magic. This edition is brought to you by Vintage Books. Whether you're a long-time fan of Elizabeth Gilbert or discovering their work for the first time, this book is a must-have for your collection.",No,"2014","Vintage Books",347
170,"Sexuality (Key Ideas)","Jeffrey Weeks",485,,"Self-Help","Pre-loved - Excellent",3,"https://covers.openlibrary.org/b/id/262137-L.jpg","A captivating read about sexuality (key ideas). This edition is brought to you by Vintage Books. Whether you're a long-time fan of Jeffrey Weeks or discovering their work for the first time, this book is a must-have for your collection.",No,"1986","Vintage Books",263
171,"12 Rules for Life","Jordan B. Peterson",235,,"Self-Help","New",12,"https://covers.openlibrary.org/b/id/8131760-L.jpg","A captivating read about 12 rules for life. This edition is brought to you by Vintage Books. Whether you're a long-time fan of Jordan B. Peterson or discovering their work for the first time, this book is a must-have for your collection.",Yes,"2015","Vintage Books",295
172,"I Know This to Be True","Geoff Blackwell",507,,"Self-Help","Pre-loved - Excellent",3,"https://covers.openlibrary.org/b/id/13210745-L.jpg","A captivating read about i know this to be true. This edition is brought to you by Vintage Books. Whether you're a long-time fan of Geoff Blackwell or discovering their work for the first time, this book is a must-have for your collection.",No,"2016","Vintage Books",329
173,"Think Like a Monk","Jay Shetty",268,,"Self-Help","Pre-loved - Good",8,"https://covers.openlibrary.org/b/id/10355397-L.jpg","A captivating read about think like a monk. This edition is brought to you by Vintage Books. Whether you're a long-time fan of Jay Shetty or discovering their work for the first time, this book is a must-have for your collection.",No,"2020","Vintage Books",340
174,"A second chicken soup for the woman's soul","Jack Canfield",464,,"Self-Help","Pre-loved - Excellent",15,"https://covers.openlibrary.org/b/id/14553102-L.jpg","A captivating read about a second chicken soup for the woman's soul. This edition is brought to you by Vintage Books. Whether you're a long-time fan of Jack Canfield or discovering their work for the first time, this book is a must-have for your collection.",No,"1996","Vintage Books",270
175,"Married women who love women","Carren Strock",221,,"Self-Help","New",5,"https://covers.openlibrary.org/b/id/241371-L.jpg","A captivating read about married women who love women. This edition is brought to you by Vintage Books. Whether you're a long-time fan of Carren Strock or discovering their work for the first time, this book is a must-have for your collection.",No,"1995","Vintage Books",285
176,"Feeling Is the Secret","Neville Goddard",426,551,"Self-Help","Pre-loved - Good",7,"https://covers.openlibrary.org/b/id/13848693-L.jpg","A captivating read about feeling is the secret. This edition is brought to you by Vintage Books. Whether you're a long-time fan of Neville Goddard or discovering their work for the first time, this book is a must-have for your collection.",No,"2004","Vintage Books",175
177,"The Greatness Guide","Robin S. Sharma",352,,"Self-Help","Pre-loved - Excellent",7,"https://covers.openlibrary.org/b/id/47322-L.jpg","A captivating read about the greatness guide. This edition is brought to you by Vintage Books. Whether you're a long-time fan of Robin S. Sharma or discovering their work for the first time, this book is a must-have for your collection.",No,"2006","Vintage Books",182
178,"A life of one's own","Marion Milner",179,279,"Self-Help","New",12,"https://covers.openlibrary.org/b/id/4325293-L.jpg","A captivating read about a life of one's own. This edition is brought to you by Vintage Books. Whether you're a long-time fan of Marion Milner or discovering their work for the first time, this book is a must-have for your collection.",No,"1934","Vintage Books",449
179,"Sex, Love, and Romance in the Mass Media","Mary-Lou Galician",543,764,"Self-Help","Pre-loved - Good",0,"https://covers.openlibrary.org/b/id/583933-L.jpg","A captivating read about sex, love, and romance in the mass media. This edition is brought to you by Vintage Books. Whether you're a long-time fan of Mary-Lou Galician or discovering their work for the first time, this book is a must-have for your collection.",No,"1600","Vintage Books",378
180,"The Freedom of Life","Annie Payson Call",393,529,"Self-Help","New",6,"https://covers.openlibrary.org/b/id/10857731-L.jpg","A captivating read about the freedom of life. This edition is brought to you by Vintage Books. Whether you're a long-time fan of Annie Payson Call or discovering their work for the first time, this book is a must-have for your collection.",No,"1905","Vintage Books",104
181,"Maybe You Should Talk to Someone","Lori Gottlieb",190,322,"Self-Help","Pre-loved - Excellent",3,"https://covers.openlibrary.org/b/id/8596019-L.jpg","A captivating read about maybe you should talk to someone. This edition is brought to you by Vintage Books. Whether you're a long-time fan of Lori Gottlieb or discovering their work for the first time, this book is a must-have for your collection.",No,"2019","Vintage Books",485
182,"You Are a Badass","Jen Sincero",573,,"Self-Help","New",1,"https://covers.openlibrary.org/b/id/7436635-L.jpg","A captivating read about you are a badass. This edition is brought to you by Vintage Books. Whether you're a long-time fan of Jen Sincero or discovering their work for the first time, this book is a must-have for your collection.",No,"2013","Vintage Books",432
183,"Who Will Cry When You Die?","Robin S. Sharma",402,,"Self-Help","Pre-loved - Excellent",3,"https://covers.openlibrary.org/b/id/750310-L.jpg","A captivating read about who will cry when you die?. This edition is brought to you by Vintage Books. Whether you're a long-time fan of Robin S. Sharma or discovering their work for the first time, this book is a must-have for your collection.",No,"1999","Vintage Books",178
184,"You are not the target","Laura Archera Huxley",391,,"Self-Help","New",14,"https://covers.openlibrary.org/b/id/813298-L.jpg","A captivating read about you are not the target. This edition is brought to you by Vintage Books. Whether you're a long-time fan of Laura Archera Huxley or discovering their work for the first time, this book is a must-have for your collection.",No,"1963","Vintage Books",211
185,"The Gift of Fear","Gavin de Becker",467,,"Self-Help","Pre-loved - Good",1,"https://covers.openlibrary.org/b/id/5272015-L.jpg","A captivating read about the gift of fear. This edition is brought to you by Vintage Books. Whether you're a long-time fan of Gavin de Becker or discovering their work for the first time, this book is a must-have for your collection.",No,"1997","Vintage Books",350
186,"嫌われる勇気","Ichirō Kishimi",290,431,"Self-Help","Pre-loved - Excellent",0,"https://covers.openlibrary.org/b/id/10873626-L.jpg","A captivating read about 嫌われる勇気. This edition is brought to you by Vintage Books. Whether you're a long-time fan of Ichirō Kishimi or discovering their work for the first time, this book is a must-have for your collection.",No,"2013","Vintage Books",397
187,"The creative mind","Margaret A. Boden",253,347,"Self-Help","Pre-loved - Good",7,"https://covers.openlibrary.org/b/id/4307485-L.jpg","A captivating read about the creative mind. This edition is brought to you by Vintage Books. Whether you're a long-time fan of Margaret A. Boden or discovering their work for the first time, this book is a must-have for your collection.",No,"1990","Vintage Books",185
188,"The courage to be","Paul Tillich",569,,"Self-Help","Pre-loved - Good",6,"https://covers.openlibrary.org/b/id/161349-L.jpg","A captivating read about the courage to be. This edition is brought to you by Vintage Books. Whether you're a long-time fan of Paul Tillich or discovering their work for the first time, this book is a must-have for your collection.",No,"1952","Vintage Books",174
189,"Everything is F*cked","Mark Manson",301,465,"Self-Help","Pre-loved - Good",8,"https://covers.openlibrary.org/b/id/9351865-L.jpg","A captivating read about everything is f*cked. This edition is brought to you by Vintage Books. Whether you're a long-time fan of Mark Manson or discovering their work for the first time, this book is a must-have for your collection.",No,"2019","Vintage Books",374
190,"Come as you are","Emily Nagoski",197,,"Self-Help","Pre-loved - Good",8,"https://covers.openlibrary.org/b/id/8176873-L.jpg","A captivating read about come as you are. This edition is brought to you by Vintage Books. Whether you're a long-time fan of Emily Nagoski or discovering their work for the first time, this book is a must-have for your collection.",No,"2015","Vintage Books",296
191,"Goals! How to Get Everything You Want--Faster Than You Ever Thought Possible","Brian Tracy",550,,"Self-Help","Pre-loved - Excellent",12,"https://covers.openlibrary.org/b/id/831356-L.jpg","A captivating read about goals! how to get everything you want--faster than you ever thought possible. This edition is brought to you by Vintage Books. Whether you're a long-time fan of Brian Tracy or discovering their work for the first time, this book is a must-have for your collection.",Yes,"2003","Vintage Books",439
192,"Bodies that matter","Judith Butler",207,313,"Self-Help","Pre-loved - Good",9,"https://covers.openlibrary.org/b/id/268131-L.jpg","A captivating read about bodies that matter. This edition is brought to you by Vintage Books. Whether you're a long-time fan of Judith Butler or discovering their work for the first time, this book is a must-have for your collection.",No,"1993","Vintage Books",439
193,"Family Wisdom from the Monk Who Sold His Ferrari","Robin S. Sharma",267,,"Self-Help","New",12,"https://covers.openlibrary.org/b/id/8147897-L.jpg","A captivating read about family wisdom from the monk who sold his ferrari. This edition is brought to you by Vintage Books. Whether you're a long-time fan of Robin S. Sharma or discovering their work for the first time, this book is a must-have for your collection.",No,"2001","Vintage Books",473
194,"Improve Your Communication Skills","Alan Barker",315,,"Self-Help","Pre-loved - Excellent",13,"https://covers.openlibrary.org/b/id/6441309-L.jpg","A captivating read about improve your communication skills. This edition is brought to you by Vintage Books. Whether you're a long-time fan of Alan Barker or discovering their work for the first time, this book is a must-have for your collection.",No,"2010","Vintage Books",292
195,"Boundaries","Henry Cloud",461,,"Self-Help","Pre-loved - Good",5,"https://covers.openlibrary.org/b/id/8227168-L.jpg","A captivating read about boundaries. This edition is brought to you by Vintage Books. Whether you're a long-time fan of Henry Cloud or discovering their work for the first time, this book is a must-have for your collection.",No,"1992","Vintage Books",350
196,"Illicit drugs","Adrian Barton",347,,"Self-Help","Pre-loved - Excellent",3,"https://covers.openlibrary.org/b/id/1213870-L.jpg","A captivating read about illicit drugs. This edition is brought to you by Vintage Books. Whether you're a long-time fan of Adrian Barton or discovering their work for the first time, this book is a must-have for your collection.",No,"2003","Vintage Books",130
197,"Life Coaching","Michael Neenan",361,,"Self-Help","Pre-loved - Excellent",13,"https://covers.openlibrary.org/b/id/847619-L.jpg","A captivating read about life coaching. This edition is brought to you by Vintage Books. Whether you're a long-time fan of Michael Neenan or discovering their work for the first time, this book is a must-have for your collection.",Yes,"2002","Vintage Books",339
198,"The psychological treatment of depression","J. Mark G. Williams",429,,"Self-Help","New",2,"https://covers.openlibrary.org/b/id/4009036-L.jpg","A captivating read about the psychological treatment of depression. This edition is brought to you by Vintage Books. Whether you're a long-time fan of J. Mark G. Williams or discovering their work for the first time, this book is a must-have for your collection.",No,"1984","Vintage Books",120
199,"Romance and sex in adolescence and emerging adulthood","Ann C. Crouter",360,491,"Self-Help","New",11,"https://covers.openlibrary.org/b/id/13213295-L.jpg","A captivating read about romance and sex in adolescence and emerging adulthood. This edition is brought to you by Vintage Books. Whether you're a long-time fan of Ann C. Crouter or discovering their work for the first time, this book is a must-have for your collection.",No,"2005","Vintage Books",489
200,"The Art of War","孙武 (Sun Tzu)",369,547,"Business","Pre-loved - Good",1,"https://covers.openlibrary.org/b/id/4849549-L.jpg","A captivating read about the art of war. This edition is brought to you by Vintage Books. Whether you're a long-time fan of 孙武 (Sun Tzu) or discovering their work for the first time, this book is a must-have for your collection.",No,"1900","Vintage Books",261
201,"As a man thinketh","James Allen",396,,"Business","Pre-loved - Excellent",5,"https://covers.openlibrary.org/b/id/6268048-L.jpg","A captivating read about as a man thinketh. This edition is brought to you by Vintage Books. Whether you're a long-time fan of James Allen or discovering their work for the first time, this book is a must-have for your collection.",No,"1902","Vintage Books",309
202,"Roughing It","Mark Twain",313,395,"Business","Pre-loved - Good",2,"https://covers.openlibrary.org/b/id/9165528-L.jpg","A captivating read about roughing it. This edition is brought to you by Vintage Books. Whether you're a long-time fan of Mark Twain or discovering their work for the first time, this book is a must-have for your collection.",No,"1872","Vintage Books",410
203,"Think and Grow Rich","Napoleon Hill",183,220,"Business","New",4,"https://covers.openlibrary.org/b/id/14542536-L.jpg","A captivating read about think and grow rich. This edition is brought to you by Vintage Books. Whether you're a long-time fan of Napoleon Hill or discovering their work for the first time, this book is a must-have for your collection.",No,"1937","Vintage Books",394
204,"The art of money getting, or, Golden rules for money getting","P. T. Barnum",344,,"Business","New",8,"https://covers.openlibrary.org/b/id/756095-L.jpg","A captivating read about the art of money getting, or, golden rules for money getting. This edition is brought to you by Vintage Books. Whether you're a long-time fan of P. T. Barnum or discovering their work for the first time, this book is a must-have for your collection.",No,"1880","Vintage Books",256
205,"Acres of diamonds","Russell Herman Conwell",192,,"Business","New",2,"https://covers.openlibrary.org/b/id/5833160-L.jpg","A captivating read about acres of diamonds. This edition is brought to you by Vintage Books. Whether you're a long-time fan of Russell Herman Conwell or discovering their work for the first time, this book is a must-have for your collection.",No,"1901","Vintage Books",145
206,"The Richest Man in Babylon","George S. Clason",433,,"Business","Pre-loved - Good",6,"https://covers.openlibrary.org/b/id/10491331-L.jpg","A captivating read about the richest man in babylon. This edition is brought to you by Vintage Books. Whether you're a long-time fan of George S. Clason or discovering their work for the first time, this book is a must-have for your collection.",No,"1926","Vintage Books",130
207,"The Theory of the Leisure Class","Thorstein Veblen",236,,"Business","New",13,"https://covers.openlibrary.org/b/id/5815298-L.jpg","A captivating read about the theory of the leisure class. This edition is brought to you by Vintage Books. Whether you're a long-time fan of Thorstein Veblen or discovering their work for the first time, this book is a must-have for your collection.",No,"1899","Vintage Books",189
208,"My life and work","Ford, Henry",461,,"Business","Pre-loved - Good",8,"https://covers.openlibrary.org/b/id/1200056-L.jpg","A captivating read about my life and work. This edition is brought to you by Vintage Books. Whether you're a long-time fan of Ford, Henry or discovering their work for the first time, this book is a must-have for your collection.",No,"1922","Vintage Books",245
209,"The master key system in twenty-four parts with questionnaire and glossary","Charles F. Haanel",251,,"Business","New",3,"https://covers.openlibrary.org/b/id/7308093-L.jpg","A captivating read about the master key system in twenty-four parts with questionnaire and glossary. This edition is brought to you by Vintage Books. Whether you're a long-time fan of Charles F. Haanel or discovering their work for the first time, this book is a must-have for your collection.",No,"1919","Vintage Books",101
210,"The Wealth of Nations","Adam Smith",358,,"Business","Pre-loved - Excellent",11,"https://covers.openlibrary.org/b/id/12816911-L.jpg","A captivating read about the wealth of nations. This edition is brought to you by Vintage Books. Whether you're a long-time fan of Adam Smith or discovering their work for the first time, this book is a must-have for your collection.",Yes,"1776","Vintage Books",466
211,"Ali Pacha","Alexandre Dumas",277,,"Business","Pre-loved - Excellent",10,"https://covers.openlibrary.org/b/id/10330225-L.jpg","A captivating read about ali pacha. This edition is brought to you by Vintage Books. Whether you're a long-time fan of Alexandre Dumas or discovering their work for the first time, this book is a must-have for your collection.",No,"2001","Vintage Books",261
212,"The mis-education of the Negro","Carter Godwin Woodson",261,,"Business","Pre-loved - Excellent",14,"https://covers.openlibrary.org/b/id/799531-L.jpg","A captivating read about the mis-education of the negro. This edition is brought to you by Vintage Books. Whether you're a long-time fan of Carter Godwin Woodson or discovering their work for the first time, this book is a must-have for your collection.",No,"1933","Vintage Books",157
213,"The Law of Success","Napoleon Hill",404,,"Business","New",9,"https://covers.openlibrary.org/b/id/2292427-L.jpg","A captivating read about the law of success. This edition is brought to you by Vintage Books. Whether you're a long-time fan of Napoleon Hill or discovering their work for the first time, this book is a must-have for your collection.",No,"1969","Vintage Books",296
214,"Collins Robert French English Dictionary","Beryl T. Atkins",357,,"Business","New",1,"https://covers.openlibrary.org/b/id/4944047-L.jpg","A captivating read about collins robert french english dictionary. This edition is brought to you by Vintage Books. Whether you're a long-time fan of Beryl T. Atkins or discovering their work for the first time, this book is a must-have for your collection.",No,"1978","Vintage Books",489
215,"Reminiscences of a stock operator","Edwin Lefèvre",508,,"Business","New",5,"https://covers.openlibrary.org/b/id/300533-L.jpg","A captivating read about reminiscences of a stock operator. This edition is brought to you by Vintage Books. Whether you're a long-time fan of Edwin Lefèvre or discovering their work for the first time, this book is a must-have for your collection.",No,"1923","Vintage Books",136
216,"Accounting Principles","Jerry J. Weygandt",367,,"Business","Pre-loved - Excellent",8,"https://covers.openlibrary.org/b/id/1241487-L.jpg","A captivating read about accounting principles. This edition is brought to you by Vintage Books. Whether you're a long-time fan of Jerry J. Weygandt or discovering their work for the first time, this book is a must-have for your collection.",No,"1987","Vintage Books",149
217,"The 7 Habits of Highly Effective People","Stephen R. Covey",566,872,"Business","New",6,"https://covers.openlibrary.org/b/id/10079937-L.jpg","A captivating read about the 7 habits of highly effective people. This edition is brought to you by Vintage Books. Whether you're a long-time fan of Stephen R. Covey or discovering their work for the first time, this book is a must-have for your collection.",Yes,"1989","Vintage Books",466
218,"Sixteenth census of the United States","United States. Bureau of the Census",154,192,"Business","New",3,"https://covers.openlibrary.org/b/id/7027008-L.jpg","A captivating read about sixteenth census of the united states. This edition is brought to you by Vintage Books. Whether you're a long-time fan of United States. Bureau of the Census or discovering their work for the first time, this book is a must-have for your collection.",No,"1900","Vintage Books",330
219,"Freakonomics","Steven D. Levitt",382,,"Business","Pre-loved - Excellent",8,"https://covers.openlibrary.org/b/id/11172914-L.jpg","A captivating read about freakonomics. This edition is brought to you by Vintage Books. Whether you're a long-time fan of Steven D. Levitt or discovering their work for the first time, this book is a must-have for your collection.",No,"2005","Vintage Books",344
220,"The magic of believing","Claude M. Bristol",584,,"Business","Pre-loved - Excellent",0,"https://covers.openlibrary.org/b/id/14424610-L.jpg","A captivating read about the magic of believing. This edition is brought to you by Vintage Books. Whether you're a long-time fan of Claude M. Bristol or discovering their work for the first time, this book is a must-have for your collection.",No,"1948","Vintage Books",150
221,"Eat That Frog! 21 Great Ways to Stop Procrastinating and Get More Done in Less Time","Brian Tracy",152,,"Business","New",15,"https://covers.openlibrary.org/b/id/847534-L.jpg","A captivating read about eat that frog! 21 great ways to stop procrastinating and get more done in less time. This edition is brought to you by Vintage Books. Whether you're a long-time fan of Brian Tracy or discovering their work for the first time, this book is a must-have for your collection.",No,"2001","Vintage Books",105
222,"The theory of business enterprise 1904","Thorstein Veblen",156,,"Business","Pre-loved - Excellent",9,"https://covers.openlibrary.org/b/id/9931842-L.jpg","A captivating read about the theory of business enterprise 1904. This edition is brought to you by Vintage Books. Whether you're a long-time fan of Thorstein Veblen or discovering their work for the first time, this book is a must-have for your collection.",No,"1904","Vintage Books",484
223,"Steve Jobs","Walter Isaacson",545,,"Business","New",9,"https://covers.openlibrary.org/b/id/12374726-L.jpg","A captivating read about steve jobs. This edition is brought to you by Vintage Books. Whether you're a long-time fan of Walter Isaacson or discovering their work for the first time, this book is a must-have for your collection.",No,"2011","Vintage Books",408
224,"The 48 Laws of Power","Robert Greene",436,,"Business","Pre-loved - Good",7,"https://covers.openlibrary.org/b/id/6424160-L.jpg","A captivating read about the 48 laws of power. This edition is brought to you by Vintage Books. Whether you're a long-time fan of Robert Greene or discovering their work for the first time, this book is a must-have for your collection.",No,"1998","Vintage Books",382
225,"The Intelligent Investor","Benjamin Graham",546,,"Business","Pre-loved - Excellent",1,"https://covers.openlibrary.org/b/id/36434-L.jpg","A captivating read about the intelligent investor. This edition is brought to you by Vintage Books. Whether you're a long-time fan of Benjamin Graham or discovering their work for the first time, this book is a must-have for your collection.",No,"1949","Vintage Books",125
226,"Interactive Computing Series","Kenneth C. Laudon",294,,"Business","Pre-loved - Excellent",6,"https://covers.openlibrary.org/b/id/1074287-L.jpg","A captivating read about interactive computing series. This edition is brought to you by Vintage Books. Whether you're a long-time fan of Kenneth C. Laudon or discovering their work for the first time, this book is a must-have for your collection.",No,"1997","Vintage Books",103
227,"The Moneychangers","Arthur Hailey",430,,"Business","Pre-loved - Good",9,"https://covers.openlibrary.org/b/id/4468684-L.jpg","A captivating read about the moneychangers. This edition is brought to you by Vintage Books. Whether you're a long-time fan of Arthur Hailey or discovering their work for the first time, this book is a must-have for your collection.",No,"1970","Vintage Books",191
228,"Mastering today's software","Edward G. Martin",304,425,"Business","New",11,"https://covers.openlibrary.org/b/id/1063675-L.jpg","A captivating read about mastering today's software. This edition is brought to you by Vintage Books. Whether you're a long-time fan of Edward G. Martin or discovering their work for the first time, this book is a must-have for your collection.",No,"1992","Vintage Books",151
229,"Autobiography","Andrew Carnegie",526,,"Business","New",13,"https://covers.openlibrary.org/b/id/5661821-L.jpg","A captivating read about autobiography. This edition is brought to you by Vintage Books. Whether you're a long-time fan of Andrew Carnegie or discovering their work for the first time, this book is a must-have for your collection.",No,"1920","Vintage Books",203
230,"Blink","Malcolm Gladwell",337,537,"Business","New",0,"https://covers.openlibrary.org/b/id/14421850-L.jpg","A captivating read about blink. This edition is brought to you by Vintage Books. Whether you're a long-time fan of Malcolm Gladwell or discovering their work for the first time, this book is a must-have for your collection.",No,"2004","Vintage Books",376
231,"Effective Executive","Peter F. Drucker",566,,"Business","Pre-loved - Good",5,"https://covers.openlibrary.org/b/id/4941284-L.jpg","A captivating read about effective executive. This edition is brought to you by Vintage Books. Whether you're a long-time fan of Peter F. Drucker or discovering their work for the first time, this book is a must-have for your collection.",No,"1967","Vintage Books",173
232,"Imperialism [and] Social classes; two essays","Joseph Alois Schumpeter",244,350,"Business","Pre-loved - Good",14,"https://covers.openlibrary.org/b/id/10765521-L.jpg","A captivating read about imperialism [and] social classes; two essays. This edition is brought to you by Vintage Books. Whether you're a long-time fan of Joseph Alois Schumpeter or discovering their work for the first time, this book is a must-have for your collection.",Yes,"1951","Vintage Books",481
233,"Les belles images","Simone de Beauvoir",494,,"Business","Pre-loved - Excellent",13,"https://covers.openlibrary.org/b/id/967166-L.jpg","A captivating read about les belles images. This edition is brought to you by Vintage Books. Whether you're a long-time fan of Simone de Beauvoir or discovering their work for the first time, this book is a must-have for your collection.",No,"1966","Vintage Books",251
234,"I-Series","Stephen Haag",160,,"Business","Pre-loved - Good",5,"https://covers.openlibrary.org/b/id/1083769-L.jpg","A captivating read about i-series. This edition is brought to you by Vintage Books. Whether you're a long-time fan of Stephen Haag or discovering their work for the first time, this book is a must-have for your collection.",No,"2001","Vintage Books",322
235,"The leadership challenge","James M. Kouzes",506,709,"Business","New",12,"https://covers.openlibrary.org/b/id/548022-L.jpg","A captivating read about the leadership challenge. This edition is brought to you by Vintage Books. Whether you're a long-time fan of James M. Kouzes or discovering their work for the first time, this book is a must-have for your collection.",No,"1987","Vintage Books",169
236,"Hold the dream","Barbara Taylor Bradford",344,,"Business","Pre-loved - Good",4,"https://covers.openlibrary.org/b/id/4195318-L.jpg","A captivating read about hold the dream. This edition is brought to you by Vintage Books. Whether you're a long-time fan of Barbara Taylor Bradford or discovering their work for the first time, this book is a must-have for your collection.",No,"1625","Vintage Books",174
237,"Atomic Habits","James Clear",268,,"Business","Pre-loved - Good",15,"https://covers.openlibrary.org/b/id/12539702-L.jpg","A captivating read about atomic habits. This edition is brought to you by Vintage Books. Whether you're a long-time fan of James Clear or discovering their work for the first time, this book is a must-have for your collection.",No,"2016","Vintage Books",444